{"cameraMode":{"drawMode":0,"name":"Shaded","section":"Shading Mode"},"sceneLighting":true,"audioPlay":false,"sceneViewState":{"showFog":true,"showMaterialUpdate":false,"showSkybox":true,"showFlares":true,"showImageEffects":true,"showParticleSystems":true},"in2DMode":false,"pivot":{"x":298.84808349609377,"y":6.224045753479004,"z":38.57347869873047},"rotation":{"x":-0.09015854448080063,"y":-0.9096894860267639,"z":0.2952249348163605,"w":-0.27781057357788088},"size":4.49277925491333,"orthographic":false}