{"cameraMode":{"drawMode":0,"name":"Shaded","section":"Shading Mode"},"sceneLighting":false,"audioPlay":false,"sceneViewState":{"showFog":true,"showMaterialUpdate":false,"showSkybox":true,"showFlares":true,"showImageEffects":true,"showParticleSystems":true},"in2DMode":false,"pivot":{"x":298.20001220703127,"y":2.9800000190734865,"z":40.97447204589844},"rotation":{"x":-0.12214803695678711,"y":0.8006985783576965,"z":-0.17469309270381928,"w":-0.5598607063293457},"size":19.950469970703126,"orthographic":false}